-- Insert table category
insert into category (name) values ('Arts');
insert into category (name) values ('Automotive');
insert into category (name) values ('Baby');
insert into category (name) values ('Beauty');
insert into category (name) values ('Books');
insert into category (name) values ('Computers');
insert into category (name) values ('Electronics');
insert into category (name) values ('Bitcoin');
insert into category (name) values ('Smartphone');
insert into category (name) values ('Google');
insert into category (name) values ('Fashion');
insert into category (name) values ('Health');
insert into category (name) values ('Home');
insert into category (name) values ('Industrial');
insert into category (name) values ('Luggage');
insert into category (name) values ('Movies');
insert into category (name) values ('Music');
insert into category (name) values ('Pet Supplies');
insert into category (name) values ('Software');
insert into category (name) values ('Sports');
insert into category (name) values ('Tools');
insert into category (name) values ('Toys');
insert into category (name) values ('Games');
insert into category (name) values ('Games');
insert into category (name) values ('Science');
insert into category (name) values ('technology');

-- INSERT TABLE PRODUCTS

insert into product(id , name, description, created_at) values (1, 'Command Picture Hanging Strips Heavy Duty, Large, White, Holds 16 lbs, 14-Pairs', 'Command Picture Hanging Strips Heavy Duty, Large, White, Holds 16 lbs, 14-Pairs', now());
insert into product(id, name, description, created_at) values (2 ,'AmazonBasics Letter Size Sheets Laminating Pouches 9 x 11.5in, 100-pack', 'AmazonBasics Letter Size Sheets Laminating Pouches 9 x 11.5in, 100-pack', now());
insert into product(id, name, description, created_at) values (3, 'Canson (100510941) XL Series Watercolor Pad, 9" x 12", Fold-Over Cover, 30 Sheets', 'Canson (100510941) XL Series Watercolor Pad, 9" x 12", Fold-Over Cover, 30 Sheets', now());
insert into product(id, name, description, created_at) values (4 ,'STAEDTLER pencil sharpener, premium quality sharpener with screw-on lid, prevents accidental openings, compact size for pencil case and work-station, 511 63BK', 'STAEDTLER pencil sharpener, premium quality sharpener with screw-on lid, prevents accidental openings, compact size for pencil case and work-station, 511 63BK', now());
insert into product(id ,name, description, created_at) values (5, 'Scotch Thermal Laminating Pouches, 100-Pack, 8.9 x 11.4 inches, Letter Size Sheets (TP3854-100)', 'Scotch Thermal Laminating Pouches, 100-Pack, 8.9 x 11.4 inches, Letter Size Sheets (TP3854-100)', now());
insert into product(id ,name, description, created_at) values (6, 'AmazonBasics Window Squeegee with Handle for Glass, Mirror, Car Window', 'AmazonBasics Window Squeegee with Handle for Glass, Mirror, Car Window', now());
insert into product(id, name, description, created_at) values (7, 'AmazonBasics Drying Chamois Car Towel Cloth, 2 Pack', 'AmazonBasics Drying Chamois Car Towel Cloth, 2 Pack', now());
insert into product(id, name, description, created_at) values (8 ,'Towels by Doctor Joe Orange 16" x 25" New Surgical Huck Towel, Pack of 12', 'Towels by Doctor Joe Orange 16" x 25" New Surgical Huck Towel, Pack of 12', now());
insert into product(id, name, description, created_at) values (9 , 'Blazer B472FA Cab Marker Light, Amber', 'Blazer B472FA Cab Marker Light, Amber', now());
insert into product(id, name, description, created_at) values (10 ,'Custom Dynamics LB03 Brake Light Bar (Red Knight Riderz LED Non-Sequential/Flashing with Red LEDs)', 'Custom Dynamics LB03 Brake Light Bar (Red Knight Riderz LED Non-Sequential/Flashing with Red LEDs)', now());
insert into product(id, name, description, created_at) values (11, 'The First Years Stack Up Cup Toys', 'The First Years Stack Up Cup Toys', now());
insert into product(id, name, description, created_at) values (12, 'Nuby Ice Gel Teether Keys', 'Nuby Ice Gel Teether Keys', now());
insert into product(id, name, description, created_at) values (13, 'Nuby Floating Purple Octopus with 3 Hoopla Rings Interactive Bath Toy', 'Nuby Floating Purple Octopus with 3 Hoopla Rings Interactive Bath Toy', now());
insert into product(id, name, description, created_at) values (14, 'Baby Einstein Take Along Tunes Musical Toy, Ages 3 months Plus', 'Baby Einstein Take Along Tunes Musical Toy, Ages 3 months Plus', now());
insert into product(id, name, description, created_at) values (15, 'Manhattan Toy Winkel Rattle & Sensory Teether Toy', 'Manhattan Toy Winkel Rattle & Sensory Teether Toy', now());
insert into product(id, name, description, created_at) values (16, 'essence | Lash Princess False Lash Effect Mascara | Gluten & Cruelty Free', 'essence | Lash Princess False Lash Effect Mascara | Gluten & Cruelty Free', now());
insert into product(id, name, description, created_at) values (17, 'Revlon One-Step Hair Dryer And Volumizer Hot Air Brush, Black, Packaging May Vary', 'Revlon One-Step Hair Dryer And Volumizer Hot Air Brush, Black, Packaging May Vary', now());
insert into product(id, name, description, created_at) values (18, 'Schick Silk Touch-Up Multipurpose Exfoliating Dermaplaning Tool, Eyebrow Razor, and Facial Razor with Precision Cover, 3 Count', 'Schick Silk Touch-Up Multipurpose Exfoliating Dermaplaning Tool, Eyebrow Razor, and Facial Razor with Precision Cover, 3 Count', now());
insert into product(id, name, description, created_at) values (19, 'Neutrogena Makeup Remover Cleansing Face Wipes, Daily Cleansing Facial Towelettes to Remove Waterproof Makeup and Mascara, Alcohol-Free, Value Twin Pack, 25 count, 2 Pack', 'Neutrogena Makeup Remover Cleansing Face Wipes, Daily Cleansing Facial Towelettes to Remove Waterproof Makeup and Mascara, Alcohol-Free, Value Twin Pack, 25 count, 2 Pack', now());
insert into product(id, name, description, created_at) values (20, 'Tree Hut Shea Sugar Scrub Tropical Mango, 18oz, Ultra Hydrating and Exfoliating Scrub for Nourishing Essential Body Care', 'Tree Hut Shea Sugar Scrub Tropical Mango, 18oz, Ultra Hydrating and Exfoliating Scrub for Nourishing Essential Body Care', now());
insert into product(id, name, description, created_at) values (21, 'The Return', 'The Return', now());
insert into product(id, name, description, created_at) values (22, 'Leave the World Behind: A Novel', 'Leave the World Behind: A Novel', now());
insert into product(id, name, description, created_at) values (23, 'The Evening and the Morning (Kingsbridge Book 4)', 'The Evening and the Morning (Kingsbridge Book 4)', now());
insert into product(id, name, description, created_at) values (24, 'The Searcher: A Novel', 'The Searcher: A Novel', now());
insert into product(id, name, description, created_at) values (25, 'The Harbinger II: The Return', 'The Harbinger II: The Return', now());
insert into product(id, name, description, created_at) values (26, 'HP 63 | Ink Cartridge | Black | F6U62AN', 'HP 63 | Ink Cartridge | Black | F6U62AN', now());
insert into product(id, name, description, created_at) values (27, 'SAMSUNG: EVO Select 128GB microSDXC UHS-I U3 100MB/s Full HD & 4K UHD Memory Card with Adapter (MB-ME128HA)', 'SAMSUNG: EVO Select 128GB microSDXC UHS-I U3 100MB/s Full HD & 4K UHD Memory Card with Adapter (MB-ME128HA)', now());
insert into product(id, name, description, created_at) values (28, 'Logitech C920x Pro HD Webcam', 'Logitech C920x Pro HD Webcam', now());
insert into product(id, name, description, created_at) values (29, 'Jelly Comb 2.4G Slim Wireless Mouse with Nano Receiver MS001 (Black and Gold)', 'Jelly Comb 2.4G Slim Wireless Mouse with Nano Receiver MS001 (Black and Gold)', now());
insert into product(id, name, description, created_at) values (30, 'SanDisk 128GB Extreme microSDXC UHS-I Memory Card with Adapter - C10, U3, V30, 4K, A2, Micro SD - SDSQXA1-128G-GN6MA', 'SanDisk 128GB Extreme microSDXC UHS-I Memory Card with Adapter - C10, U3, V30, 4K, A2, Micro SD - SDSQXA1-128G-GN6MA', now());
insert into product(id, name, description, created_at) values (31, 'Oculus Quest 2 — Advanced All-In-One Virtual Reality Headset — 64 GB', 'Oculus Quest 2 — Advanced All-In-One Virtual Reality Headset — 64 GB', now());
insert into product(id, name, description, created_at) values (32, 'Apple EarPods with Lightning Connector - White', 'Apple EarPods with Lightning Connector - White', now());
insert into product(id, name, description, created_at) values (33, 'TP-Link AC1750 Smart WiFi Router (Archer A7) - Dual Band Gigabit Wireless Internet Router for Home, Works with Alexa, VPN Server, Parental Control and QoS', 'TP-Link AC1750 Smart WiFi Router (Archer A7) - Dual Band Gigabit Wireless Internet Router for Home, Works with Alexa, VPN Server, Parental Control and QoS', now());
insert into product(id, name, description, created_at) values (34, 'WD 2TB Elements Portable External Hard Drive, USB 3.0 - WDBU6Y0020BBK-WESN', 'WD 2TB Elements Portable External Hard Drive, USB 3.0 - WDBU6Y0020BBK-WESN', now());
insert into product(id, name, description, created_at) values (35, 'Sony WH-1000XM4 Wireless Industry Leading Noise Canceling Overhead Headphones with Mic for Phone-Call and Alexa Voice Control, Black', 'Sony WH-1000XM4 Wireless Industry Leading Noise Canceling Overhead Headphones with Mic for Phone-Call and Alexa Voice Control, Black', now());
insert into product(id, name, description, created_at) values (36, 'The Bitcoin Standard: The Decentralized Alternative to Central Banking', 'The Bitcoin Standard: The Decentralized Alternative to Central Banking', now());
insert into product(id, name, description, created_at) values (37,'Bitcoin: The End of Money as We Know It', 'Bitcoin: The End of Money as We Know It', now());
insert into product(id, name, description, created_at) values (38, 'Samsung Electronics Galaxy Note 20 Ultra 5G Factory Unlocked Android Cell Phone, US Version, 512GB of Storage, Mobile Gaming Smartphone, Long-Lasting Battery, Mystic Black', 'Samsung Electronics Galaxy Note 20 Ultra 5G Factory Unlocked Android Cell Phone, US Version, 512GB of Storage, Mobile Gaming Smartphone, Long-Lasting Battery, Mystic Black', now());
insert into product(id, name, description, created_at) values (39, 'Samsung Galaxy Note 10 Lite N770F 128GB Dual-SIM GSM Unlocked Phone (International Variant/US Compatible LTE) - Aura Black', 'Samsung Galaxy Note 10 Lite N770F 128GB Dual-SIM GSM Unlocked Phone (International Variant/US Compatible LTE) - Aura Black', now());
insert into product(id, name, description, created_at) values (40, 'Apple iPhone 11 Pro Max (64GB, Midnight Green) [Locked] + Carrier Subscription', 'Apple iPhone 11 Pro Max (64GB, Midnight Green) [Locked] + Carrier Subscription', now());
insert into product(id, name, description, created_at) values (41, 'New Apple iPhone SE (64GB, Black) [Locked] + Carrier Subscription', 'New Apple iPhone SE (64GB, Black) [Locked] + Carrier Subscription', now());
insert into product(id, name, description, created_at) values (42, 'Moto G Power | 3-Day Battery1 | Unlocked | Made for US by Motorola | 4/64GB | 16MP Camera | 2020 | Black', 'Moto G Power | 3-Day Battery1 | Unlocked | Made for US by Motorola | 4/64GB | 16MP Camera | 2020 | Black', now());
insert into product(id, name, description, created_at) values (43, 'Google Fi SIM Card Kit', 'Google Fi SIM Card Kit', now());
insert into product(id, name, description, created_at) values (44, 'Search Engine For Google', 'Search Engine For Google', now());
insert into product(id, name, description, created_at) values (45, 'Google Play gift code - give the gift of games, apps and more (Email Delivery - US Only)', 'Google Play gift code - give the gift of games, apps and more (Email Delivery - US Only)', now());
insert into product(id, name, description, created_at) values (46, 'Google WiFi System, 1-Pack - Router Replacement for Whole Home Coverage - NLS-1304-25 (Renewed)', 'Google WiFi System, 1-Pack - Router Replacement for Whole Home Coverage - NLS-1304-25 (Renewed)', now());
insert into product(id, name, description, created_at) values (47, 'Google T3007ES Nest Learning Thermostat 3rd Generation, Stainless Steel, Works with Amazon Alexa, 1', 'Google T3007ES Nest Learning Thermostat 3rd Generation, Stainless Steel, Works with Amazon Alexa, 1', now());
insert into product(id, name, description, created_at) values (48, 'Nippies Skin Ultimate Adhesive Nipplecovers Pasties & Travel Case - Creme (Size One - Fits A - C Cups)', 'Nippies Skin Ultimate Adhesive Nipplecovers Pasties & Travel Case - Creme (Size One - Fits A - C Cups)', now());
insert into product(id, name, description, created_at) values (49, 'Saucony Women Performance Heel Tab Athletic Socks (8 & 16 Pairs)', 'Saucony Women Performance Heel Tab Athletic Socks (8 & 16 Pairs)', now());
insert into product(id, name, description, created_at) values (50, 'Lisianthus Women Belt Buckle Fedora Hat', 'Lisianthus Women Belt Buckle Fedora Hat', now());
insert into product(id, name, description, created_at) values (51, 'TIJN Blue Light Blocking Glasses Men Women Vintage Thick Round Rim Frame Eyeglasses', 'TIJN Blue Light Blocking Glasses Men Women Vintage Thick Round Rim Frame Eyeglasses', now());
insert into product(id, name, description, created_at) values (52, 'SOJOS Cat Eye Blue Light Blocking Glasses Hipster Metal Frame Women Eyeglasses She Young', 'SOJOS Cat Eye Blue Light Blocking Glasses Hipster Metal Frame Women Eyeglasses She Young', now());
insert into product(id, name, description, created_at) values (53, 'Pampers Baby Wipes Sensitive Perfume Free 8X Refill Packs (Tub Not Included) 576 Count', 'Pampers Baby Wipes Sensitive Perfume Free 8X Refill Packs (Tub Not Included) 576 Count', now());
insert into product(id, name, description, created_at) values (54,'Huggies Natural Care Sensitive Baby Wipes, Unscented, 3 Refill Packs (624 Wipes Total)', 'Huggies Natural Care Sensitive Baby Wipes, Unscented, 3 Refill Packs (624 Wipes Total)', now());
insert into product(id, name, description, created_at) values (55,'WaterWipes Unscented Baby Wipes, Sensitive and Newborn Skin, 9 Packs (540 Wipes)', 'WaterWipes Unscented Baby Wipes, Sensitive and Newborn Skin, 9 Packs (540 Wipes)', now());
insert into product(id, name, description, created_at) values (56, 'Playtex Diaper Genie Refill Bags, Ideal for Diaper Genie Diaper Pails, 270 Count (Pack of 3)', 'Playtex Diaper Genie Refill Bags, Ideal for Diaper Genie Diaper Pails, 270 Count (Pack of 3)', now());
insert into product(id, name, description, created_at) values (57, 'Amplim Hospital Medical Grade Digital Infrared Forehead & Ear Thermometer', 'Amplim Hospital Medical Grade Digital Infrared Forehead & Ear Thermometer', now());
insert into product(id, name, description, created_at) values (58, 'Everstone Adjustable Tilt TV Wall Mount Bracket for Most 32-80 Inch LED,LCD,OLED,Plasma', 'Everstone Adjustable Tilt TV Wall Mount Bracket for Most 32-80 Inch LED,LCD,OLED,Plasma', now());
insert into product(id, name, description, created_at) values (59, 'Home Office Chair Ergonomic Desk Chair Mesh Computer Chair with Lumbar Support Armrest Executive Rolling', 'Home Office Chair Ergonomic Desk Chair Mesh Computer Chair with Lumbar Support Armrest Executive Rolling', now());
insert into product(id, name, description, created_at) values (60, 'AirExpect Makeup Mirror Vanity Mirror with Lights - 3 Color Lighting Modes 72 LED Trifold Mirror, Touch Control', 'AirExpect Makeup Mirror Vanity Mirror with Lights - 3 Color Lighting Modes 72 LED Trifold Mirror, Touch Control', now());
insert into product(id, name, description, created_at) values (61, 'Winsome Wood Henry Accent Table, Black', 'Winsome Wood Henry Accent Table, Black', now());
insert into product(id, name, description, created_at) values (62, 'Fabric Creations 3-D Plush Fabric Paint, 2 oz, Blue Slushie', 'Fabric Creations 3-D Plush Fabric Paint, 2 oz, Blue Slushie', now());
insert into product(id, name, description, created_at) values (63, 'Revolving Punch Plier Kit, XOOL Leather Hole Punch Set for Belts, Watch Bands, Straps, Dog Collars, Saddles, Shoes, Fabric, DIY Home or Craft Projects, Heavy Duty Rotary', 'Revolving Punch Plier Kit, XOOL Leather Hole Punch Set for Belts, Watch Bands, Straps, Dog Collars, Saddles, Shoes, Fabric, DIY Home or Craft Projects, Heavy Duty Rotary', now());
insert into product(id, name, description, created_at) values (64, 'Diamond Drill Bits, Baban 10Pcs Hole Saw Diamond Drill Bit Hollow Core Drill Bit Set for Diamond Coating, Carbon Steel for Glass, Ceramics, Porcelain, Ceramic Tile, Marble', 'Diamond Drill Bits, Baban 10Pcs Hole Saw Diamond Drill Bit Hollow Core Drill Bit Set for Diamond Coating, Carbon Steel for Glass, Ceramics, Porcelain, Ceramic Tile, Marble', now());
insert into product(id, name, description, created_at) values (65, 'CO-Z 5pcs Hss Cobalt Multiple Hole 50 Sizes Step Drill Bit Set with Aluminum Case', 'CO-Z 5pcs Hss Cobalt Multiple Hole 50 Sizes Step Drill Bit Set with Aluminum Case', now());
insert into product(id, name, description, created_at) values (66, 'Watch Battery Replacement Tool Kit for Watch Back Case Remover and Opener', 'Watch Battery Replacement Tool Kit for Watch Back Case Remover and Opener', now());
insert into product(id, name, description, created_at) values (67, 'Hiltex 10100 Tungsten Carbide Router Bits | 15-Piece Set', 'Hiltex 10100 Tungsten Carbide Router Bits | 15-Piece Set', now());
insert into product(id, name, description, created_at) values (68 ,'AmazonBasics Laptop Computer Backpack - Fits Up To 17 Inch Laptops', 'AmazonBasics Laptop Computer Backpack - Fits Up To 17 Inch Laptops', now());
insert into product(id, name, description, created_at) values (69, 'JanSport SuperBreak One Backpack - Lightweight School Bookbag', 'JanSport SuperBreak One Backpack - Lightweight School Bookbag', now());
insert into product(id, name, description, created_at) values (70, 'JanSport Cool Student 15-inch Laptop Backpack', 'JanSport Cool Student 15-inch Laptop Backpack', now());
insert into product(id, name, description, created_at) values (71, 'JanSport Driver 8 Rolling Backpack - Wheeled Travel Bag with 15-Inch Laptop Sleeve', 'JanSport Driver 8 Rolling Backpack - Wheeled Travel Bag with 15-Inch Laptop Sleeve', now());
insert into product(id, name, description, created_at) values (72, 'Oakley mens Kitchen Sink Backpacks, Stealth Black, U US', 'Oakley mens Kitchen Sink Backpacks, Stealth Black, U US', now());
insert into product(id, name, description, created_at) values (73, 'Gemini Man', 'Gemini Man', now());
insert into product(id, name, description, created_at) values (74, 'Savage X Fenty Show', 'Savage X Fenty Show', now());
insert into product(id, name, description, created_at) values (75, 'Power Book II: Ghost', 'Power Book II: Ghost', now());
insert into product(id, name, description, created_at) values (76, 'Twilight', 'Twilight', now());
insert into product(id, name, description, created_at) values (77, 'The Hunger Games', 'The Hunger Games', now());
insert into product(id, name, description, created_at) values (78, 'My Gift', 'My Gift', now());
insert into product(id, name, description, created_at) values (79, 'A Holly Dolly Christmas', 'A Holly Dolly Christmas', now());
insert into product(id, name, description, created_at) values (80, 'Bon Jovi 2020', 'Bon Jovi 2020', now());
insert into product(id, name, description, created_at) values (81, 'The Symbol Remains', 'The Symbol Remains', now());
insert into product(id, name, description, created_at) values (82, 'Live Around The World [CD/Blu-Ray]', 'Live Around The World [CD/Blu-Ray]', now());
insert into product(id, name, description, created_at) values (83, 'ChomChom Roller Dog Hair Remover, Cat Hair Remover, Pet Hair Remover', 'ChomChom Roller Dog Hair Remover, Cat Hair Remover, Pet Hair Remover', now());
insert into product(id, name, description, created_at) values (84, 'ZippyPaws - Skinny Peltz No Stuffing Squeaky Plush Dog Toy, Fox, Raccoon, and Squirrel - Large', 'ZippyPaws - Skinny Peltz No Stuffing Squeaky Plush Dog Toy, Fox, Raccoon, and Squirrel - Large', now());
insert into product(id, name, description, created_at) values (85, 'Blue Buffalo Life Protection Formula Natural Adult Dry Dog Food', 'Blue Buffalo Life Protection Formula Natural Adult Dry Dog Food', now());
insert into product(id, name, description, created_at) values (86, 'ChuckIt! Ultra Ball, Medium (2.5 Inch) 2 Pack', 'ChuckIt! Ultra Ball, Medium (2.5 Inch) 2 Pack', now());
insert into product(id, name, description, created_at) values (87, 'IAMS PROACTIVE HEALTH Minichunks Dry Dog Food, Chicken', 'IAMS PROACTIVE HEALTH Minichunks Dry Dog Food, Chicken', now());
insert into product(id, name, description, created_at) values (88, 'Norton 360 Premium – Antivirus Software for 10 Devices with Auto Renewal - Includes VPN, PC Cloud Backup & Dark Web Monitoring Powered by LifeLock [Key card]', 'Norton 360 Premium – Antivirus Software for 10 Devices with Auto Renewal - Includes VPN, PC Cloud Backup & Dark Web Monitoring Powered by LifeLock [Key card]', now());
insert into product(id, name, description, created_at) values (89 ,'Adobe Photoshop Elements 2020 [PC/Mac Disc]', 'Adobe Photoshop Elements 2020 [PC/Mac Disc]', now());
insert into product(id, name, description, created_at) values (90, 'Windows 10 Home USB - 32/64 Bit - Box - 1 PC - New - 100% Quality - Fast Delivery', 'Windows 10 Home USB - 32/64 Bit - Box - 1 PC - New - 100% Quality - Fast Delivery', now());
insert into product(id, name, description, created_at) values (91, 'Image Line FL Studio 20 Producer Edition Mac/Windows', 'Image Line FL Studio 20 Producer Edition Mac/Windows', now());
insert into product(id, name, description, created_at) values (92, 'OfficeSuite Home & Business 2020', 'OfficeSuite Home & Business 2020', now());
insert into product(id, name, description, created_at) values (93, 'Booty Bands, Resistance Bands, 3 Levels Exercise Bands for Legs and Butt', 'Booty Bands, Resistance Bands, 3 Levels Exercise Bands for Legs and Butt', now());
insert into product(id, name, description, created_at) values (94, 'Ankle Support Brace, Breathable Neoprene Sleeve, Adjustable Wrap!', 'Ankle Support Brace, Breathable Neoprene Sleeve, Adjustable Wrap!', now());
insert into product(id, name, description, created_at) values (95, 'Penn Championship Tennis Balls - Extra Duty Felt Pressurized Tennis Balls - (2 Cans, 6 Balls)', 'Penn Championship Tennis Balls - Extra Duty Felt Pressurized Tennis Balls - (2 Cans, 6 Balls)', now());
insert into product(id, name, description, created_at) values (96, 'TaylorMade Distance Plus Golf Balls (One Dozen)', 'TaylorMade Distance Plus Golf Balls (One Dozen)', now());
insert into product(id, name, description, created_at) values (97, 'falapala Balaclava Tactical Face Mask Hood Neck Gaiter 1 Pack (Black)', 'falapala Balaclava Tactical Face Mask Hood Neck Gaiter 1 Pack (Black)', now());
insert into product(id, name, description, created_at) values (98,'Leviton 803 01-SW 1-Gang Decora Plus Wallplate Screwless Snap-On Mount, White', 'Leviton 80301-SW 1-Gang Decora Plus Wallplate Screwless Snap-On Mount, White', now());
insert into product(id, name, description, created_at) values (99, 'Legrand - Pass & Seymour 510LACC20 Wall Plate Replacement Screws, Light Almond', 'Legrand - Pass & Seymour 510LACC20 Wall Plate Replacement Screws, Light Almond', now());
insert into product(id, name, description, created_at) values (100, 'Klein Tools KPS050SEN Wire Pulling Grip 1/2-Inch to 9/16-Inch', 'Klein Tools KPS050SEN Wire Pulling Grip 1/2-Inch to 9/16-Inch', now());
insert into product(id, name, description, created_at) values (101, 'Satco Products S3417 130-Volt 65BR30 Flood Light Bulb, 2-Pack', 'Satco Products S3417 130-Volt 65BR30 Flood Light Bulb, 2-Pack', now());
insert into product(id, name, description, created_at) values (102, 'Makita A-83973 Bulb 2/Pkg', 'Makita A-83973 Bulb 2/Pkg', now());
insert into product(id, name, description, created_at) values (103, 'Fisher-Price Little People Christmas Story', 'Fisher-Price Little People Christmas Story', now());
insert into product(id, name, description, created_at) values (104, 'Funko Pop! Star Wars: The Mandalorian - Mandalorian Flying with The Child', 'Funko Pop! Star Wars: The Mandalorian - Mandalorian Flying with The Child', now());
insert into product(id, name, description, created_at) values (105, 'Chia Pet Star Wars: The Mandalorian - The Child', 'Chia Pet Star Wars: The Mandalorian - The Child', now());
insert into product(id, name, description, created_at) values (106, 'Funko Pop!: Dragonball-Z - Goku Eating Noodles, Amazon Exclusive', 'Funko Pop!: Dragonball-Z - Goku Eating Noodles, Amazon Exclusive', now());
insert into product(id, name, description, created_at) values (107, 'Disney Frozen II Deluxe Figure Play Set', 'Disney Frozen II Deluxe Figure Play Set', now());
insert into product(id, name, description, created_at) values (108, 'Battlefield 1 - Xbox One', 'Battlefield 1 - Xbox One', now());
insert into product(id, name, description, created_at) values (109, 'Forza 5: Game of the Year Edition', 'Forza 5: Game of the Year Edition', now());
insert into product(id, name, description, created_at) values (110, 'Playstation 4 Slim 2TB Console', 'Playstation 4 Slim 2TB Console', now());
insert into product(id, name, description, created_at) values (111, 'PlayStation 4 Pro 1TB Console', 'PlayStation 4 Pro 1TB Console', now());
insert into product(id, name, description, created_at) values (112, 'FIFA 21 Nintendo Switch', 'FIFA 21 Nintendo Switch', now());

-- INSERT TABLE PRODUCT_CATEGORY
insert into product_category(product_id, category_id) values (1, 1);
insert into product_category(product_id, category_id) values (2, 1);
insert into product_category(product_id, category_id) values (3, 1);
insert into product_category(product_id, category_id) values (4, 1);
insert into product_category(product_id, category_id) values (5, 1);
insert into product_category(product_id, category_id) values (6, 2);
insert into product_category(product_id, category_id) values (7, 2);
insert into product_category(product_id, category_id) values (8, 2);
insert into product_category(product_id, category_id) values (9, 2);
insert into product_category(product_id, category_id) values (10, 2);
insert into product_category(product_id, category_id) values (11, 3);
insert into product_category(product_id, category_id) values (12, 3);
insert into product_category(product_id, category_id) values (13, 3);
insert into product_category(product_id, category_id) values (14, 3);
insert into product_category(product_id, category_id) values (15, 3);
insert into product_category(product_id, category_id) values (16, 4);
insert into product_category(product_id, category_id) values (17, 4);
insert into product_category(product_id, category_id) values (18, 4);
insert into product_category(product_id, category_id) values (19, 4);
insert into product_category(product_id, category_id) values (20, 5);
insert into product_category(product_id, category_id) values (21, 5);
insert into product_category(product_id, category_id) values (22, 5);
insert into product_category(product_id, category_id) values (23, 5);
insert into product_category(product_id, category_id) values (24, 5);
insert into product_category(product_id, category_id) values (25, 5);
insert into product_category(product_id, category_id) values (26, 6);
insert into product_category(product_id, category_id) values (27, 6);
insert into product_category(product_id, category_id) values (28, 6);
insert into product_category(product_id, category_id) values (29, 6);
insert into product_category(product_id, category_id) values (30, 6);
insert into product_category(product_id, category_id) values (31, 7);
insert into product_category(product_id, category_id) values (32, 7);
insert into product_category(product_id, category_id) values (33, 7);
insert into product_category(product_id, category_id) values (34, 7);
insert into product_category(product_id, category_id) values (35, 7);
insert into product_category(product_id, category_id) values (36, 8);
insert into product_category(product_id, category_id) values (37, 8);
insert into product_category(product_id, category_id) values (38, 9);
insert into product_category(product_id, category_id) values (39, 9);
insert into product_category(product_id, category_id) values (40, 9);
insert into product_category(product_id, category_id) values (41, 9);
insert into product_category(product_id, category_id) values (42, 9);
insert into product_category(product_id, category_id) values (43, 10);
insert into product_category(product_id, category_id) values (44, 10);
insert into product_category(product_id, category_id) values (45, 10);
insert into product_category(product_id, category_id) values (46, 10);
insert into product_category(product_id, category_id) values (47, 10);
insert into product_category(product_id, category_id) values (48, 11);
insert into product_category(product_id, category_id) values (49, 11);
insert into product_category(product_id, category_id) values (50, 11);
insert into product_category(product_id, category_id) values (51, 11);
insert into product_category(product_id, category_id) values (52, 11);
insert into product_category(product_id, category_id) values (53, 12);
insert into product_category(product_id, category_id) values (54, 12);
insert into product_category(product_id, category_id) values (55, 12);
insert into product_category(product_id, category_id) values (56, 12);
insert into product_category(product_id, category_id) values (57, 12);
insert into product_category(product_id, category_id) values (58, 13);
insert into product_category(product_id, category_id) values (59, 13);
insert into product_category(product_id, category_id) values (60, 13);
insert into product_category(product_id, category_id) values (61, 13);
insert into product_category(product_id, category_id) values (62, 13);
insert into product_category(product_id, category_id) values (63, 14);
insert into product_category(product_id, category_id) values (64, 14);
insert into product_category(product_id, category_id) values (65, 14);
insert into product_category(product_id, category_id) values (66, 14);
insert into product_category(product_id, category_id) values (67, 14);
insert into product_category(product_id, category_id) values (68, 15);
insert into product_category(product_id, category_id) values (69, 15);
insert into product_category(product_id, category_id) values (70, 15);
insert into product_category(product_id, category_id) values (71, 15);
insert into product_category(product_id, category_id) values (72, 15);
insert into product_category(product_id, category_id) values (73, 16);
insert into product_category(product_id, category_id) values (74, 16);
insert into product_category(product_id, category_id) values (75, 16);
insert into product_category(product_id, category_id) values (76, 16);
insert into product_category(product_id, category_id) values (77, 16);
insert into product_category(product_id, category_id) values (78, 17);
insert into product_category(product_id, category_id) values (79, 17);
insert into product_category(product_id, category_id) values (80, 17);
insert into product_category(product_id, category_id) values (81, 17);
insert into product_category(product_id, category_id) values (82, 17);
insert into product_category(product_id, category_id) values (83, 18);
insert into product_category(product_id, category_id) values (84, 18);
insert into product_category(product_id, category_id) values (85, 18);
insert into product_category(product_id, category_id) values (86, 18);
insert into product_category(product_id, category_id) values (87, 18);
insert into product_category(product_id, category_id) values (88, 19);
insert into product_category(product_id, category_id) values (89, 19);
insert into product_category(product_id, category_id) values (90, 19);
insert into product_category(product_id, category_id) values (91, 19);
insert into product_category(product_id, category_id) values (92, 19);
insert into product_category(product_id, category_id) values (93, 20);
insert into product_category(product_id, category_id) values (94, 20);
insert into product_category(product_id, category_id) values (95, 20);
insert into product_category(product_id, category_id) values (96, 20);
insert into product_category(product_id, category_id) values (97, 20);
insert into product_category(product_id, category_id) values (98, 21);
insert into product_category(product_id, category_id) values (99, 21);
insert into product_category(product_id, category_id) values (100, 21);
insert into product_category(product_id, category_id) values (101, 21);
insert into product_category(product_id, category_id) values (102, 21);
insert into product_category(product_id, category_id) values (103, 22);
insert into product_category(product_id, category_id) values (104, 22);
insert into product_category(product_id, category_id) values (105, 22);
insert into product_category(product_id, category_id) values (106, 22);
insert into product_category(product_id, category_id) values (107, 22);
insert into product_category(product_id, category_id) values (108, 23);
insert into product_category(product_id, category_id) values (109, 23);
insert into product_category(product_id, category_id) values (110, 23);
insert into product_category(product_id, category_id) values (111, 23);
insert into product_category(product_id, category_id) values (112, 23);